Date,Open,Low,High,Close,Volume
2019-01-02,2050.550048828125,2004.27001953125,2053.449951171875,2010.0,326400
2019-01-03,2011.81005859375,1991.6500244140625,2014.719970703125,1993.699951171875,428000
2019-01-04,1992.4000244140625,1984.530029296875,2011.56005859375,2010.25,409000
2019-01-07,2034.239990234375,2030.9000244140625,2048.06005859375,2037.0999755859373,440200
2019-01-08,2038.6800537109373,2023.5899658203125,2042.699951171875,2025.27001953125,397800
2019-01-09,2034.18994140625,2034.18994140625,2068.22998046875,2064.7099609375,386200
2019-01-10,2065.72998046875,2057.159912109375,2072.81005859375,2063.280029296875,382900
2019-01-11,2070.360107421875,2063.989990234375,2076.989990234375,2075.570068359375,380100
2019-01-14,2070.489990234375,2059.4599609375,2073.93994140625,2064.52001953125,432900
2019-01-15,2069.139892578125,2067.580078125,2098.010009765625,2097.179931640625,439500
2019-01-16,2098.64990234375,2091.919921875,2106.35009765625,2106.10009765625,500100
2019-01-17,2110.139892578125,2101.699951171875,2117.429931640625,2107.06005859375,475900
2019-01-18,2116.429931640625,2113.43994140625,2124.5,2124.280029296875,456700
2019-01-21,2133.8701171875,2114.449951171875,2134.169921875,2124.610107421875,398000
2019-01-22,2126.030029296875,2108.909912109375,2129.3701171875,2117.77001953125,419400
2019-01-23,2108.719970703125,2106.739990234375,2131.050048828125,2127.780029296875,408600
2019-01-24,2127.8798828125,2125.47998046875,2145.080078125,2145.030029296875,413700
2019-01-25,2147.919921875,2146.639892578125,2178.010009765625,2177.72998046875,410000
2019-01-28,2184.409912109375,2169.169921875,2188.14990234375,2177.300048828125,371600
2019-01-29,2172.830078125,2162.530029296875,2183.360107421875,2183.360107421875,552600
2019-01-30,2183.489990234375,2177.8798828125,2206.199951171875,2206.199951171875,480400
2019-01-31,2222.8798828125,2201.219970703125,2222.8798828125,2204.85009765625,545200
2019-02-01,2211.929931640625,2201.409912109375,2218.780029296875,2203.4599609375,479400
2019-02-07,2215.77001953125,2196.77001953125,2215.7900390625,2203.419921875,427800
2019-02-08,2192.010009765625,2171.9599609375,2192.47998046875,2177.050048828125,391000
2019-02-11,2180.5400390625,2167.360107421875,2181.580078125,2180.72998046875,406100
2019-02-12,2182.7099609375,2178.590087890625,2195.050048828125,2190.469970703125,429900
2019-02-13,2200.0,2194.75,2203.7099609375,2201.47998046875,422000
2019-02-14,2195.919921875,2186.090087890625,2225.85009765625,2225.85009765625,573400
2019-02-15,2210.93994140625,2187.7099609375,2210.93994140625,2196.090087890625,400600
2019-02-18,2207.360107421875,2203.0,2217.320068359375,2210.889892578125,314400
2019-02-19,2208.9599609375,2193.340087890625,2213.8701171875,2205.6298828125,389100
2019-02-20,2216.739990234375,2213.830078125,2234.679931640625,2229.760009765625,374300
2019-02-21,2224.260009765625,2213.18994140625,2234.31005859375,2228.659912109375,382500
2019-02-22,2222.320068359375,2217.080078125,2230.5,2230.5,409300
2019-02-25,2241.1298828125,2224.639892578125,2241.760009765625,2232.56005859375,339200
2019-02-26,2230.3701171875,2221.760009765625,2235.699951171875,2226.60009765625,332000
2019-02-27,2234.4599609375,2228.159912109375,2237.77001953125,2234.7900390625,301500
2019-02-28,2231.580078125,2195.43994140625,2233.929931640625,2195.43994140625,510000
2019-03-04,2210.969970703125,2188.56005859375,2216.02001953125,2190.659912109375,373200
2019-03-05,2183.35009765625,2171.330078125,2185.739990234375,2179.22998046875,313100
2019-03-06,2177.110107421875,2168.4599609375,2179.010009765625,2175.60009765625,328900
2019-03-07,2173.18994140625,2155.18994140625,2181.18994140625,2165.7900390625,292600
2019-03-08,2152.800048828125,2137.43994140625,2159.669921875,2137.43994140625,313300
2019-03-11,2140.2900390625,2125.5400390625,2145.31005859375,2138.10009765625,272100
2019-03-12,2154.610107421875,2150.9599609375,2161.68994140625,2157.179931640625,355300
2019-03-13,2152.659912109375,2134.159912109375,2154.110107421875,2148.409912109375,285600
2019-03-14,2154.35009765625,2142.31005859375,2158.340087890625,2155.679931640625,341000
2019-03-15,2152.9599609375,2152.590087890625,2181.77001953125,2176.110107421875,387100
2019-03-18,2179.68994140625,2172.340087890625,2183.89990234375,2179.489990234375,258000
2019-03-19,2183.030029296875,2171.050048828125,2183.760009765625,2177.6201171875,319700
2019-03-20,2171.409912109375,2152.2099609375,2177.18994140625,2177.10009765625,317600
2019-03-21,2183.110107421875,2173.699951171875,2200.320068359375,2184.8798828125,342700
2019-03-22,2192.719970703125,2178.77001953125,2195.419921875,2186.949951171875,333600
2019-03-25,2158.800048828125,2143.699951171875,2159.25,2144.860107421875,307100
2019-03-26,2152.97998046875,2143.6298828125,2153.89990234375,2148.800048828125,301300
2019-03-27,2147.18994140625,2132.419921875,2152.909912109375,2145.6201171875,363200
2019-03-28,2131.25,2120.929931640625,2136.39990234375,2128.10009765625,288000
2019-03-29,2138.449951171875,2124.070068359375,2143.300048828125,2140.669921875,364600
2019-04-01,2153.31005859375,2153.31005859375,2171.489990234375,2168.280029296875,263300
2019-04-02,2177.199951171875,2171.840087890625,2181.3701171875,2177.179931640625,257500
2019-04-03,2176.81005859375,2172.830078125,2203.2900390625,2203.27001953125,358600
2019-04-04,2201.0400390625,2198.659912109375,2216.14990234375,2206.530029296875,431000
2019-04-05,2206.360107421875,2205.260009765625,2214.820068359375,2209.610107421875,517200
2019-04-08,2217.659912109375,2202.489990234375,2217.8701171875,2210.60009765625,347900
2019-04-09,2212.320068359375,2203.5400390625,2221.6201171875,2213.56005859375,414800
2019-04-10,2206.199951171875,2203.820068359375,2225.02001953125,2224.389892578125,399700
2019-04-11,2227.68994140625,2217.179931640625,2230.409912109375,2224.43994140625,402000
2019-04-12,2221.10009765625,2212.8798828125,2233.449951171875,2233.449951171875,449600
2019-04-15,2242.31005859375,2240.2900390625,2251.219970703125,2242.8798828125,404200
2019-04-16,2241.06005859375,2235.719970703125,2249.889892578125,2248.6298828125,569100
2019-04-17,2249.050048828125,2242.010009765625,2252.050048828125,2245.889892578125,452500
2019-04-18,2248.800048828125,2210.429931640625,2250.110107421875,2213.77001953125,573300
2019-04-19,2223.419921875,2215.580078125,2225.3701171875,2216.14990234375,525300
2019-04-22,2218.5,2207.25,2227.93994140625,2216.64990234375,494000
2019-04-23,2217.610107421875,2212.139892578125,2223.919921875,2220.510009765625,481200
2019-04-24,2229.75,2190.2900390625,2229.75,2201.030029296875,575100
2019-04-25,2195.469970703125,2187.43994140625,2200.889892578125,2190.5,441100
2019-04-26,2178.1298828125,2168.14990234375,2186.52001953125,2179.31005859375,570200
2019-04-29,2183.409912109375,2181.820068359375,2216.429931640625,2216.429931640625,380800
2019-04-30,2213.429931640625,2186.330078125,2215.77001953125,2203.590087890625,381400
2019-05-02,2192.93994140625,2191.300048828125,2217.030029296875,2212.75,369100
2019-05-03,2209.43994140625,2192.360107421875,2211.360107421875,2196.320068359375,617900
2019-05-07,2172.389892578125,2160.43994140625,2179.510009765625,2176.989990234375,484100
2019-05-08,2151.340087890625,2151.340087890625,2179.340087890625,2168.010009765625,456300
2019-05-09,2159.7900390625,2102.010009765625,2164.97998046875,2102.010009765625,743500
2019-05-10,2118.419921875,2090.389892578125,2124.919921875,2108.0400390625,714800
2019-05-13,2091.800048828125,2077.719970703125,2101.090087890625,2079.010009765625,505800
2019-05-14,2060.239990234375,2056.739990234375,2093.409912109375,2081.840087890625,696200
2019-05-15,2081.919921875,2076.4599609375,2100.010009765625,2092.780029296875,577800
2019-05-16,2094.8798828125,2062.43994140625,2095.580078125,2067.68994140625,745200
2019-05-17,2081.570068359375,2053.7900390625,2082.830078125,2055.800048828125,537400
2019-05-20,2066.530029296875,2051.68994140625,2077.10009765625,2055.7099609375,640200
2019-05-21,2056.949951171875,2053.68994140625,2076.469970703125,2061.25,526900
2019-05-22,2068.64990234375,2048.010009765625,2070.800048828125,2064.860107421875,510000
2019-05-23,2063.25,2046.8199462890625,2065.860107421875,2059.590087890625,509300
2019-05-24,2047.300048828125,2035.97998046875,2057.3798828125,2045.31005859375,480600
2019-05-27,2044.25,2035.8699951171875,2055.1298828125,2044.2099609375,351600
2019-05-28,2044.77001953125,2038.52001953125,2058.419921875,2048.830078125,494500
2019-05-29,2046.7099609375,2016.25,2046.7099609375,2023.3199462890625,380900
2019-05-30,2024.3299560546875,2023.9100341796875,2040.6600341796875,2038.800048828125,461900
2019-05-31,2029.030029296875,2022.969970703125,2048.89990234375,2041.739990234375,439200
2019-06-03,2031.030029296875,2029.1700439453125,2070.580078125,2067.85009765625,387100
2019-06-04,2066.780029296875,2060.97998046875,2072.18994140625,2066.969970703125,436000
2019-06-05,2084.159912109375,2065.7099609375,2086.489990234375,2069.110107421875,380200
2019-06-07,2070.780029296875,2057.969970703125,2081.159912109375,2072.330078125,368400
2019-06-10,2087.3701171875,2075.510009765625,2099.64990234375,2099.489990234375,457600
2019-06-11,2096.090087890625,2094.60009765625,2114.570068359375,2111.81005859375,550700
2019-06-12,2111.659912109375,2104.409912109375,2118.889892578125,2108.75,693500
2019-06-13,2104.4599609375,2081.919921875,2108.010009765625,2103.14990234375,553400
2019-06-14,2096.320068359375,2087.469970703125,2103.02001953125,2095.409912109375,473400
2019-06-17,2091.7099609375,2087.25,2103.590087890625,2090.72998046875,561600
2019-06-18,2089.31005859375,2089.31005859375,2103.02001953125,2098.7099609375,601000
2019-06-19,2119.5400390625,2117.639892578125,2126.739990234375,2124.780029296875,863000
2019-06-20,2121.780029296875,2120.419921875,2131.77001953125,2131.2900390625,1007200
2019-06-21,2132.3798828125,2120.14990234375,2132.679931640625,2125.6201171875,692000
2019-06-24,2130.320068359375,2123.8798828125,2134.47998046875,2126.330078125,669600
2019-06-25,2125.739990234375,2115.110107421875,2136.239990234375,2121.639892578125,643000
2019-06-26,2120.199951171875,2115.719970703125,2128.25,2121.85009765625,736900
2019-06-27,2120.72998046875,2118.219970703125,2141.27001953125,2134.320068359375,644900
2019-06-28,2135.06005859375,2123.969970703125,2139.239990234375,2130.6201171875,537300
2019-07-01,2147.239990234375,2126.8701171875,2147.239990234375,2129.739990234375,412300
2019-07-02,2122.070068359375,2112.52001953125,2130.860107421875,2122.02001953125,460800
2019-07-03,2120.75,2093.320068359375,2127.7099609375,2096.02001953125,522700
2019-07-04,2102.360107421875,2088.969970703125,2108.800048828125,2108.72998046875,446900
2019-07-05,2111.0,2096.22998046875,2115.429931640625,2110.590087890625,459400
2019-07-08,2091.909912109375,2063.780029296875,2092.5400390625,2064.169921875,516000
2019-07-09,2070.35009765625,2052.030029296875,2075.300048828125,2052.030029296875,440100
2019-07-10,2061.550048828125,2056.47998046875,2068.199951171875,2058.780029296875,355700
2019-07-11,2070.590087890625,2070.2099609375,2088.239990234375,2080.580078125,376700
2019-07-12,2083.530029296875,2077.35009765625,2090.429931640625,2086.659912109375,403900
2019-07-15,2083.389892578125,2073.10009765625,2088.340087890625,2082.47998046875,463500
2019-07-16,2084.4599609375,2078.739990234375,2096.669921875,2091.8701171875,682800
2019-07-17,2079.909912109375,2063.489990234375,2080.010009765625,2072.919921875,761600
2019-07-18,2068.659912109375,2061.330078125,2073.199951171875,2066.550048828125,446600
2019-07-19,2080.2099609375,2076.510009765625,2096.72998046875,2094.360107421875,394900
2019-07-22,2090.35009765625,2087.510009765625,2099.340087890625,2093.340087890625,332600
2019-07-23,2095.760009765625,2095.3798828125,2106.389892578125,2101.449951171875,648100
2019-07-24,2097.159912109375,2080.659912109375,2105.679931640625,2082.300048828125,851400
2019-07-25,2085.669921875,2061.080078125,2088.81005859375,2074.47998046875,598600
2019-07-26,2063.35009765625,2054.639892578125,2068.159912109375,2066.260009765625,589100
2019-07-29,2059.1298828125,2025.010009765625,2063.1298828125,2029.47998046875,608700
2019-07-30,2035.3199462890625,2032.6099853515625,2044.5899658203125,2038.6800537109373,547000
2019-07-31,2036.4599609375,2010.949951171875,2041.1600341796875,2024.550048828125,589400
2019-08-01,2015.0899658203125,2009.3299560546875,2032.22998046875,2017.3399658203125,461700
2019-08-02,1995.31005859375,1987.1199951171875,2005.31005859375,1998.1300048828125,438500
2019-08-05,1985.9300537109373,1945.3900146484373,1987.6400146484373,1946.97998046875,639600
2019-08-06,1900.3599853515625,1891.81005859375,1948.530029296875,1917.5,739600
2019-08-07,1925.3299560546875,1901.6099853515625,1929.2900390625,1909.7099609375,760800
2019-08-08,1926.280029296875,1915.81005859375,1937.949951171875,1920.6099853515625,777200
2019-08-09,1940.06005859375,1936.1400146484373,1946.93994140625,1937.75,654300
2019-08-12,1941.530029296875,1933.25,1949.18994140625,1942.2900390625,427100
2019-08-13,1928.760009765625,1923.5799560546875,1937.6800537109373,1925.8299560546875,660000
2019-08-14,1946.1800537109373,1937.22998046875,1952.219970703125,1938.3699951171875,699600
2019-08-16,1921.489990234375,1911.719970703125,1927.699951171875,1927.1700439453125,421700
2019-08-19,1936.6400146484373,1931.43994140625,1943.0899658203125,1939.9000244140625,481000
2019-08-20,1942.989990234375,1937.530029296875,1964.1600341796875,1960.25,463600
2019-08-21,1954.5699462890625,1954.469970703125,1971.1199951171875,1964.6500244140625,391600
2019-08-22,1966.5999755859373,1951.010009765625,1967.9599609375,1951.010009765625,435600
2019-08-23,1942.4200439453125,1940.5999755859373,1953.8499755859373,1948.300048828125,381100
2019-08-26,1915.3399658203125,1909.9200439453125,1924.489990234375,1916.31005859375,324900
2019-08-27,1928.97998046875,1919.280029296875,1937.4200439453125,1924.5999755859373,427000
2019-08-28,1929.9599609375,1926.4300537109373,1943.6199951171875,1941.0899658203125,284300
2019-08-29,1943.550048828125,1928.489990234375,1947.1500244140625,1933.4100341796875,285100
2019-08-30,1951.6600341796875,1951.300048828125,1971.2099609375,1967.7900390625,317700
2019-09-02,1961.18994140625,1958.5899658203125,1973.25,1969.18994140625,262200
2019-09-03,1966.5,1960.1500244140625,1976.3699951171875,1965.68994140625,342100
2019-09-04,1962.4300537109373,1962.0799560546875,1988.530029296875,1988.530029296875,348700
2019-09-05,1993.6199951171875,1992.510009765625,2015.3900146484373,2004.75,488100
2019-09-06,2016.1099853515625,2005.68994140625,2017.199951171875,2009.1300048828125,384400
2019-09-09,2013.3800048828125,2013.280029296875,2029.800048828125,2019.550048828125,511800
2019-09-10,2024.7900390625,2021.5799560546875,2034.280029296875,2032.0799560546875,504400
2019-09-11,2043.719970703125,2040.0400390625,2050.800048828125,2049.199951171875,429100
2019-09-16,2056.260009765625,2044.800048828125,2062.219970703125,2062.219970703125,493500
2019-09-17,2058.719970703125,2055.169921875,2066.330078125,2062.330078125,508000
2019-09-18,2064.419921875,2058.52001953125,2075.6298828125,2070.72998046875,613100
2019-09-19,2070.530029296875,2070.530029296875,2089.81005859375,2080.35009765625,493000
2019-09-20,2080.860107421875,2077.300048828125,2092.3701171875,2091.52001953125,589900
2019-09-23,2087.699951171875,2085.60009765625,2095.5400390625,2091.699951171875,420900
2019-09-24,2090.18994140625,2085.909912109375,2101.6298828125,2101.0400390625,535800
2019-09-25,2093.469970703125,2072.409912109375,2095.27001953125,2073.389892578125,651600
2019-09-26,2082.659912109375,2064.340087890625,2087.330078125,2074.52001953125,430600
2019-09-27,2066.9599609375,2044.75,2066.9599609375,2049.929931640625,285900
2019-09-30,2045.77001953125,2042.010009765625,2064.989990234375,2063.050048828125,327600
2019-10-01,2062.43994140625,2057.909912109375,2077.47998046875,2072.419921875,389300
2019-10-02,2058.22998046875,2031.9100341796875,2058.22998046875,2031.9100341796875,414500
2019-10-04,2028.4000244140625,2020.68994140625,2039.4300537109373,2020.68994140625,402900
2019-10-07,2031.530029296875,2016.18994140625,2034.93994140625,2021.72998046875,322200
2019-10-08,2029.3699951171875,2024.6300048828125,2046.81005859375,2046.25,437500
2019-10-10,2030.1300048828125,2010.9000244140625,2040.8800048828125,2028.1500244140625,445800
2019-10-11,2048.080078125,2040.47998046875,2053.93994140625,2044.6099853515625,381100
2019-10-14,2068.1298828125,2065.530029296875,2075.10009765625,2067.39990234375,511200
2019-10-15,2064.780029296875,2064.340087890625,2073.2099609375,2068.169921875,464500
2019-10-16,2080.919921875,2073.800048828125,2090.010009765625,2082.830078125,524500
2019-10-17,2081.760009765625,2072.489990234375,2087.14990234375,2077.93994140625,314200
2019-10-18,2082.22998046875,2057.889892578125,2088.5400390625,2060.68994140625,516700
2019-10-21,2067.969970703125,2059.330078125,2067.969970703125,2064.840087890625,606100
2019-10-22,2076.2900390625,2073.080078125,2093.81005859375,2088.860107421875,504100
2019-10-23,2086.81005859375,2074.8798828125,2088.25,2080.6201171875,429500
2019-10-24,2089.85009765625,2067.89990234375,2089.85009765625,2085.659912109375,367700
2019-10-25,2091.159912109375,2079.300048828125,2091.239990234375,2087.889892578125,348700
2019-10-28,2096.669921875,2089.760009765625,2104.389892578125,2093.60009765625,269200
2019-10-29,2103.919921875,2088.0400390625,2105.169921875,2092.68994140625,357700
2019-10-30,2093.510009765625,2075.5400390625,2093.510009765625,2080.27001953125,415600
2019-10-31,2089.219970703125,2083.47998046875,2103.7099609375,2083.47998046875,461300
2019-11-01,2084.7900390625,2081.530029296875,2100.419921875,2100.199951171875,418300
2019-11-04,2111.320068359375,2111.320068359375,2130.830078125,2130.239990234375,476300
2019-11-05,2133.659912109375,2128.699951171875,2143.1201171875,2142.639892578125,400600
2019-11-06,2142.68994140625,2138.830078125,2156.22998046875,2144.14990234375,410100
2019-11-07,2141.050048828125,2135.449951171875,2147.010009765625,2144.2900390625,425700
2019-11-08,2154.179931640625,2133.75,2155.93994140625,2137.22998046875,574100
2019-11-11,2139.070068359375,2119.070068359375,2139.070068359375,2124.090087890625,617300
2019-11-12,2131.260009765625,2121.800048828125,2140.93994140625,2140.919921875,610400
2019-11-13,2132.47998046875,2118.669921875,2133.3701171875,2122.449951171875,664400
2019-11-14,2127.5400390625,2121.320068359375,2139.22998046875,2139.22998046875,521100
2019-11-15,2137.9599609375,2135.260009765625,2165.02001953125,2162.179931640625,556200
2019-11-18,2161.889892578125,2151.969970703125,2165.889892578125,2160.68994140625,489200
2019-11-19,2151.0400390625,2137.010009765625,2154.409912109375,2153.239990234375,826900
2019-11-20,2140.06005859375,2123.800048828125,2145.969970703125,2125.320068359375,581100
2019-11-21,2123.64990234375,2088.18994140625,2125.360107421875,2096.60009765625,579600
2019-11-22,2098.889892578125,2093.989990234375,2106.419921875,2101.9599609375,519900
2019-11-25,2117.139892578125,2116.070068359375,2130.0400390625,2123.5,397700
2019-11-26,2129.27001953125,2120.85009765625,2139.639892578125,2121.35009765625,532600
2019-11-27,2134.469970703125,2118.070068359375,2136.300048828125,2127.85009765625,367800
2019-11-28,2116.929931640625,2116.580078125,2127.75,2118.60009765625,335200
2019-11-29,2125.530029296875,2085.10009765625,2125.530029296875,2087.9599609375,433300
2019-12-02,2097.550048828125,2088.919921875,2103.8701171875,2091.919921875,385300
2019-12-03,2075.02001953125,2066.60009765625,2085.7099609375,2084.070068359375,450000
2019-12-04,2070.840087890625,2057.449951171875,2072.909912109375,2068.889892578125,347000
2019-12-05,2078.31005859375,2053.56005859375,2084.2900390625,2060.739990234375,472200
2019-12-06,2072.43994140625,2070.169921875,2084.43994140625,2081.85009765625,440200
2019-12-09,2091.93994140625,2084.31005859375,2093.81005859375,2088.64990234375,393100
2019-12-10,2081.219970703125,2080.159912109375,2100.47998046875,2098.0,500100
2019-12-11,2098.280029296875,2092.47998046875,2109.219970703125,2105.6201171875,668700
2019-12-12,2120.1298828125,2120.1298828125,2138.929931640625,2137.35009765625,584600
2019-12-13,2164.6298828125,2159.449951171875,2170.25,2170.25,540000
2019-12-16,2168.050048828125,2166.2900390625,2175.010009765625,2168.14990234375,377100
2019-12-17,2179.39990234375,2171.090087890625,2196.010009765625,2195.679931640625,599500
2019-12-18,2194.919921875,2187.320068359375,2204.0400390625,2194.760009765625,591100
2019-12-19,2199.419921875,2186.590087890625,2204.72998046875,2196.56005859375,643100
2019-12-20,2205.570068359375,2194.800048828125,2206.820068359375,2204.179931640625,646700
2019-12-23,2208.219970703125,2196.429931640625,2209.199951171875,2203.7099609375,502000
2019-12-24,2206.22998046875,2187.580078125,2206.22998046875,2190.080078125,570000
2019-12-26,2192.219970703125,2183.89990234375,2198.010009765625,2197.929931640625,571300
2019-12-27,2183.699951171875,2177.39990234375,2215.550048828125,2204.2099609375,490200
2019-12-30,2202.6201171875,2195.64990234375,2208.0400390625,2197.669921875,416400
2020-01-02,2201.2099609375,2171.840087890625,2202.320068359375,2175.169921875,494700
2020-01-03,2192.580078125,2165.389892578125,2203.3798828125,2176.4599609375,631600
2020-01-06,2154.969970703125,2149.949951171875,2164.419921875,2155.070068359375,592700
2020-01-07,2166.60009765625,2164.27001953125,2181.6201171875,2175.5400390625,568200
2020-01-08,2156.27001953125,2137.719970703125,2162.320068359375,2151.31005859375,913800
2020-01-09,2182.199951171875,2172.159912109375,2186.449951171875,2186.449951171875,592600
2020-01-10,2189.47998046875,2188.10009765625,2206.919921875,2206.389892578125,594500
2020-01-13,2204.489990234375,2204.489990234375,2230.429931640625,2229.260009765625,488300
2020-01-14,2243.06005859375,2232.93994140625,2250.7900390625,2238.8798828125,835900
2020-01-15,2229.800048828125,2223.389892578125,2238.2099609375,2230.97998046875,746200
2020-01-16,2231.929931640625,2225.409912109375,2249.090087890625,2248.050048828125,808300
2020-01-17,2261.570068359375,2245.580078125,2268.7099609375,2250.570068359375,580800
2020-01-20,2261.39990234375,2258.090087890625,2277.22998046875,2262.639892578125,545500
2020-01-21,2259.81005859375,2238.25,2266.31005859375,2239.68994140625,770300
2020-01-22,2238.530029296875,2235.1298828125,2269.27001953125,2267.25,608500
2020-01-23,2254.5400390625,2241.93994140625,2260.6298828125,2246.1298828125,509600
2020-01-28,2192.219970703125,2166.22998046875,2199.929931640625,2176.719970703125,808500
2020-01-29,2188.179931640625,2172.330078125,2195.449951171875,2185.280029296875,692300
2020-01-30,2181.5400390625,2139.719970703125,2187.449951171875,2148.0,602700
2020-01-31,2160.60009765625,2119.010009765625,2167.22998046875,2119.010009765625,710500
2020-02-03,2086.610107421875,2082.739990234375,2126.72998046875,2118.8798828125,836700
2020-02-04,2121.219970703125,2120.530029296875,2162.320068359375,2157.89990234375,624600
2020-02-05,2177.260009765625,2154.8798828125,2181.52001953125,2165.6298828125,574400
2020-02-06,2184.77001953125,2182.25,2229.989990234375,2227.93994140625,695000
2020-02-07,2221.489990234375,2198.139892578125,2223.919921875,2211.949951171875,800200
2020-02-10,2185.6298828125,2180.510009765625,2203.389892578125,2201.070068359375,609600
2020-02-11,2213.5,2211.25,2233.320068359375,2223.1201171875,526000
2020-02-12,2225.949951171875,2214.77001953125,2242.239990234375,2238.3798828125,632500
2020-02-13,2245.719970703125,2230.300048828125,2255.489990234375,2232.9599609375,638700
2020-02-14,2232.7099609375,2221.89990234375,2251.5,2243.590087890625,597200
2020-02-17,2243.070068359375,2230.260009765625,2250.050048828125,2242.169921875,458200
2020-02-18,2225.97998046875,2205.2099609375,2232.929931640625,2208.8798828125,470400
2020-02-19,2222.510009765625,2191.199951171875,2226.0,2210.340087890625,590800
2020-02-20,2223.550048828125,2186.719970703125,2228.179931640625,2195.5,709600
2020-02-21,2165.64990234375,2160.280029296875,2184.429931640625,2162.840087890625,635500
2020-02-24,2114.0400390625,2079.030029296875,2120.06005859375,2079.0400390625,948600
2020-02-25,2075.550048828125,2071.5,2105.489990234375,2103.610107421875,1565600
2020-02-26,2064.070068359375,2059.1298828125,2089.639892578125,2076.77001953125,810900
2020-02-27,2073.8701171875,2049.14990234375,2085.39990234375,2054.889892578125,562500
2020-02-28,2020.1700439453125,1980.8199462890625,2031.010009765625,1987.010009765625,671600
2020-03-02,1997.030029296875,1969.3399658203125,2017.0699462890625,2002.510009765625,528100
2020-03-03,2051.85009765625,2009.3900146484373,2051.85009765625,2014.1500244140625,615700
2020-03-04,2005.81005859375,2005.81005859375,2063.590087890625,2059.330078125,606300
2020-03-05,2078.110107421875,2059.989990234375,2089.080078125,2085.260009765625,675200
2020-03-06,2053.090087890625,2032.1300048828125,2062.570068359375,2040.219970703125,865600
2020-03-09,1981.02001953125,1946.9000244140625,1989.5,1954.77001953125,666900
2020-03-10,1942.8499755859373,1934.719970703125,1968.1700439453125,1962.9300537109373,638600
2020-03-11,1965.6700439453125,1898.27001953125,1967.699951171875,1908.27001953125,679700
2020-03-12,1887.969970703125,1808.56005859375,1897.22998046875,1834.3299560546875,850300
2020-03-13,1722.6800537109375,1680.5999755859375,1809.31005859375,1771.43994140625,1035300
2020-03-16,1805.4300537109373,1714.3800048828125,1805.4300537109373,1714.8599853515625,682000
2020-03-17,1640.8399658203125,1637.8800048828125,1722.969970703125,1672.43994140625,649800
2020-03-18,1686.1199951171875,1591.1199951171875,1693.949951171875,1591.199951171875,728000
2020-03-19,1626.0899658203125,1439.4300537109375,1626.0899658203125,1457.6400146484375,977700
2020-03-20,1498.489990234375,1466.47998046875,1566.8199462890625,1566.1500244140625,817000
2020-03-23,1474.449951171875,1458.4100341796875,1516.75,1482.4599609375,647200
2020-03-24,1523.68994140625,1508.6800537109375,1609.969970703125,1609.969970703125,679300
2020-03-25,1668.18994140625,1645.280029296875,1707.6400146484375,1704.760009765625,872800
2020-03-26,1699.1099853515625,1679.22998046875,1735.75,1686.239990234375,992500
2020-03-27,1756.0699462890625,1668.2099609375,1759.050048828125,1717.72998046875,1077500
2020-03-30,1670.3399658203125,1659.949951171875,1729.6300048828125,1717.1199951171875,767800
2020-03-31,1739.2900390625,1722.6199951171875,1757.81005859375,1754.6400146484375,1037500
2020-04-01,1737.280029296875,1685.3699951171875,1762.43994140625,1685.4599609375,1243600
2020-04-02,1693.530029296875,1664.1300048828125,1726.760009765625,1724.8599853515625,766300
2020-04-03,1731.1700439453125,1706.6800537109375,1743.9100341796875,1725.43994140625,1000100
2020-04-06,1745.25,1742.6700439453125,1794.18994140625,1791.8800048828125,1219400
2020-04-07,1826.719970703125,1791.9200439453125,1838.969970703125,1823.5999755859373,951400
2020-04-08,1815.75,1801.800048828125,1842.1600341796875,1807.1400146484373,907500
2020-04-09,1838.0899658203125,1818.300048828125,1839.3299560546875,1836.2099609375,920600
2020-04-10,1835.760009765625,1824.4300537109373,1861.0999755859373,1860.699951171875,992500
2020-04-13,1853.300048828125,1825.760009765625,1853.300048828125,1825.760009765625,1017800
2020-04-14,1846.4100341796875,1837.1700439453125,1864.4599609375,1857.0799560546875,886800
2020-04-16,1839.510009765625,1828.1300048828125,1862.22998046875,1857.0699462890625,878300
2020-04-17,1893.31005859375,1893.18994140625,1926.02001953125,1914.530029296875,1667500
2020-04-20,1908.3399658203125,1893.1700439453125,1925.25,1898.3599853515625,1087500
2020-04-21,1886.780029296875,1841.6600341796875,1898.3199462890625,1879.3800048828125,1174300
2020-04-22,1855.510009765625,1844.8499755859373,1897.9000244140625,1896.1500244140625,820400
2020-04-23,1907.449951171875,1895.97998046875,1923.530029296875,1914.72998046875,683700
2020-04-24,1906.0699462890625,1880.7099609375,1908.2900390625,1889.010009765625,933900
2020-04-27,1897.06005859375,1894.6199951171875,1929.8199462890625,1922.77001953125,735700
2020-04-28,1931.25,1911.6300048828125,1941.7900390625,1934.0899658203125,1173500
2020-04-29,1936.8900146484373,1934.31005859375,1957.510009765625,1947.56005859375,1984200
2020-05-04,1906.4200439453125,1894.2900390625,1918.6600341796875,1895.3699951171875,1146900
2020-05-06,1919.449951171875,1919.449951171875,1928.760009765625,1928.760009765625,1082200
2020-05-07,1922.0,1918.5699462890625,1938.5,1928.6099853515625,775700
2020-05-08,1944.93994140625,1942.5400390625,1956.8900146484373,1945.8199462890625,784500
2020-05-11,1953.510009765625,1932.8699951171875,1960.4599609375,1935.4000244140625,591100
2020-05-12,1938.6199951171875,1905.1700439453125,1938.6199951171875,1922.1700439453125,799900
2020-05-13,1897.5,1897.239990234375,1940.4200439453125,1940.4200439453125,618800
2020-05-14,1922.43994140625,1913.489990234375,1931.4300537109373,1924.9599609375,760600
2020-05-15,1937.6300048828125,1913.2099609375,1938.5899658203125,1927.280029296875,866400
2020-05-18,1934.510009765625,1921.1400146484373,1943.0699462890625,1937.1099853515625,761700
2020-05-19,1977.469970703125,1968.5899658203125,1983.77001953125,1980.6099853515625,773400
2020-05-20,1972.1199951171875,1972.1199951171875,1992.199951171875,1989.6400146484373,699400
2020-05-21,2003.199951171875,1993.0,2004.949951171875,1998.31005859375,600900
2020-05-22,2001.5999755859373,1961.4000244140625,2002.6500244140625,1970.1300048828125,847500
2020-05-25,1980.510009765625,1967.8399658203125,1994.9000244140625,1994.5999755859373,641500
2020-05-26,2001.0,1997.93994140625,2029.8900146484373,2029.780029296875,1017800
2020-05-27,2027.9000244140625,2019.8199462890625,2043.43994140625,2031.199951171875,1178800
2020-05-28,2047.0799560546875,2003.75,2054.52001953125,2028.5400390625,1172100
2020-05-29,2018.3699951171875,2006.6199951171875,2038.8900146484373,2029.5999755859373,1086200
2020-06-01,2037.0400390625,2035.6300048828125,2065.3798828125,2065.080078125,997300
2020-06-02,2061.449951171875,2059.139892578125,2089.429931640625,2087.18994140625,1000300
2020-06-03,2108.550048828125,2107.68994140625,2156.550048828125,2147.0,1152000
2020-06-04,2181.639892578125,2139.679931640625,2191.0,2151.179931640625,1393300
2020-06-05,2151.169921875,2138.179931640625,2187.25,2181.8701171875,854600
2020-06-08,2215.60009765625,2174.9599609375,2217.2099609375,2184.2900390625,854000
2020-06-09,2206.22998046875,2166.010009765625,2212.169921875,2188.919921875,817100
2020-06-10,2187.909912109375,2178.1201171875,2200.679931640625,2195.68994140625,706300
2020-06-11,2184.360107421875,2148.510009765625,2200.719970703125,2176.780029296875,827400
2020-06-12,2088.239990234375,2084.6298828125,2137.1201171875,2132.300048828125,689900
2020-06-15,2114.409912109375,2030.8199462890625,2129.669921875,2030.8199462890625,1071600
2020-06-16,2091.090087890625,2079.02001953125,2138.080078125,2138.050048828125,973300
2020-06-17,2133.179931640625,2105.260009765625,2154.3701171875,2141.050048828125,927200
2020-06-18,2134.35009765625,2120.2900390625,2145.1298828125,2133.47998046875,767100
2020-06-19,2153.090087890625,2108.909912109375,2153.570068359375,2141.320068359375,1079300
2020-06-22,2126.3798828125,2122.10009765625,2142.8798828125,2126.72998046875,789400
2020-06-23,2149.1298828125,2110.510009765625,2158.14990234375,2131.239990234375,917600
2020-06-24,2145.929931640625,2143.909912109375,2171.860107421875,2161.510009765625,913900
2020-06-25,2130.449951171875,2112.3701171875,2143.330078125,2112.3701171875,1017700
2020-06-26,2137.469970703125,2115.25,2142.0400390625,2134.64990234375,761000
2020-06-29,2105.5400390625,2087.840087890625,2120.5,2093.47998046875,643200
2020-06-30,2124.3798828125,2108.260009765625,2134.3798828125,2108.330078125,708600
2020-07-01,2128.81005859375,2101.330078125,2133.550048828125,2106.699951171875,1116200
2020-07-02,2116.719970703125,2113.97998046875,2135.3701171875,2135.3701171875,1092000
2020-07-03,2147.889892578125,2135.300048828125,2153.5400390625,2152.409912109375,770100
2020-07-06,2158.949951171875,2157.7099609375,2191.280029296875,2187.929931640625,666900
2020-07-07,2202.0400390625,2164.030029296875,2206.7900390625,2164.169921875,847400
2020-07-08,2166.760009765625,2150.889892578125,2173.830078125,2158.8798828125,677800
2020-07-09,2171.14990234375,2166.739990234375,2181.47998046875,2167.89990234375,619400
2020-07-10,2171.43994140625,2140.2900390625,2171.52001953125,2150.25,887000
2020-07-13,2170.510009765625,2163.070068359375,2188.800048828125,2186.06005859375,650200
2020-07-14,2176.429931640625,2165.60009765625,2183.610107421875,2183.610107421875,811000
2020-07-15,2208.72998046875,2190.659912109375,2216.969970703125,2201.8798828125,830300
2020-07-16,2203.300048828125,2177.820068359375,2207.340087890625,2183.760009765625,784600
2020-07-17,2187.85009765625,2187.85009765625,2204.199951171875,2201.18994140625,569300
2020-07-20,2209.590087890625,2183.830078125,2209.590087890625,2198.199951171875,686800
2020-07-21,2219.18994140625,2214.280029296875,2234.860107421875,2228.830078125,918500
2020-07-22,2228.199951171875,2221.6201171875,2238.860107421875,2228.659912109375,856200
2020-07-23,2227.239990234375,2202.989990234375,2227.239990234375,2216.18994140625,934400
2020-07-24,2196.72998046875,2195.489990234375,2219.570068359375,2200.43994140625,1001000
2020-07-27,2203.47998046875,2203.47998046875,2231.25,2217.860107421875,928600
2020-07-28,2238.18994140625,2237.2099609375,2266.0,2256.989990234375,866700
2020-07-29,2258.35009765625,2252.239990234375,2276.7900390625,2263.159912109375,899300
2020-07-30,2275.330078125,2263.81005859375,2281.330078125,2267.010009765625,712900
2020-07-31,2278.530029296875,2248.489990234375,2281.409912109375,2249.3701171875,739700
2020-08-03,2251.64990234375,2237.0400390625,2254.3798828125,2251.0400390625,648500
2020-08-04,2272.330078125,2269.68994140625,2284.659912109375,2279.969970703125,722800
2020-08-05,2289.22998046875,2283.949951171875,2312.139892578125,2311.860107421875,841200
2020-08-06,2322.639892578125,2322.639892578125,2352.47998046875,2342.610107421875,797000
2020-08-07,2349.25,2333.6201171875,2362.239990234375,2351.669921875,812600
2020-08-10,2353.919921875,2349.330078125,2390.510009765625,2386.3798828125,784400
2020-08-11,2396.110107421875,2396.110107421875,2429.360107421875,2418.669921875,843400
2020-08-12,2414.780029296875,2393.27001953125,2432.85009765625,2432.35009765625,752900
2020-08-13,2455.280029296875,2412.489990234375,2458.169921875,2437.530029296875,907200
2020-08-14,2427.85009765625,2383.68994140625,2435.0,2407.489990234375,968100
2020-08-18,2405.840087890625,2336.780029296875,2419.64990234375,2348.239990234375,909800
2020-08-19,2370.8701171875,2353.169921875,2380.10009765625,2360.5400390625,638000
2020-08-20,2339.909912109375,2270.85009765625,2357.080078125,2274.219970703125,903700
2020-08-21,2306.159912109375,2280.969970703125,2329.340087890625,2304.590087890625,865700
2020-08-24,2309.3798828125,2283.47998046875,2332.330078125,2329.830078125,649300
2020-08-25,2352.14990234375,2340.969970703125,2369.780029296875,2366.72998046875,771600
2020-08-26,2367.739990234375,2336.97998046875,2374.679931640625,2369.320068359375,956500
2020-08-27,2371.949951171875,2344.3798828125,2373.360107421875,2344.449951171875,913700
2020-08-28,2362.219970703125,2345.280029296875,2379.260009765625,2353.800048828125,1297300
2020-08-31,2377.090087890625,2326.06005859375,2381.5,2326.169921875,1647800
2020-09-01,2340.18994140625,2331.22998046875,2355.89990234375,2349.550048828125,1085200
2020-09-02,2363.429931640625,2341.2900390625,2369.570068359375,2364.3701171875,1429300
2020-09-03,2383.260009765625,2382.22998046875,2401.780029296875,2395.89990234375,981500
2020-09-04,2332.679931640625,2332.679931640625,2371.02001953125,2368.25,1351000
2020-09-07,2369.85009765625,2362.419921875,2387.489990234375,2384.219970703125,1197400
2020-09-08,2402.659912109375,2391.429931640625,2407.56005859375,2401.909912109375,979400
2020-09-09,2372.530029296875,2369.1201171875,2388.85009765625,2375.81005859375,946200
2020-09-10,2404.830078125,2388.56005859375,2406.679931640625,2396.47998046875,1064600
2020-09-11,2389.760009765625,2374.0,2397.56005859375,2396.68994140625,882900
2020-09-14,2418.330078125,2410.7900390625,2429.070068359375,2427.909912109375,963100
2020-09-15,2434.590087890625,2423.7900390625,2444.570068359375,2443.580078125,850000
2020-09-16,2442.719970703125,2429.93994140625,2450.530029296875,2435.919921875,772900
2020-09-17,2430.77001953125,2398.68994140625,2437.02001953125,2406.169921875,853700
2020-09-18,2413.530029296875,2396.330078125,2417.81005859375,2412.39990234375,756500
2020-09-21,2412.43994140625,2379.3798828125,2427.169921875,2389.389892578125,1042000
2020-09-22,2388.139892578125,2323.580078125,2388.489990234375,2332.590087890625,1051000
2020-09-23,2352.56005859375,2287.43994140625,2354.4599609375,2333.239990234375,735000
2020-09-24,2295.6201171875,2268.8798828125,2309.739990234375,2272.699951171875,714900
2020-09-25,2295.18994140625,2267.6298828125,2296.360107421875,2278.7900390625,698000
2020-09-28,2301.159912109375,2291.320068359375,2314.81005859375,2308.080078125,606000
2020-09-29,2331.510009765625,2320.0400390625,2339.830078125,2327.889892578125,646200
2020-10-05,2330.550048828125,2327.830078125,2364.72998046875,2358.0,763600
2020-10-06,2369.169921875,2355.389892578125,2378.280029296875,2365.89990234375,861800
2020-10-07,2350.820068359375,2347.820068359375,2387.449951171875,2386.93994140625,735800
2020-10-08,2408.489990234375,2383.820068359375,2409.010009765625,2391.9599609375,961700
2020-10-12,2404.179931640625,2393.739990234375,2409.419921875,2403.72998046875,843600
2020-10-13,2416.85009765625,2385.8701171875,2418.889892578125,2403.14990234375,724900
2020-10-14,2403.739990234375,2375.5400390625,2405.56005859375,2380.47998046875,901200
2020-10-15,2375.909912109375,2348.739990234375,2376.72998046875,2361.2099609375,1165500
2020-10-16,2363.8798828125,2325.030029296875,2370.72998046875,2341.530029296875,920200
2020-10-19,2352.919921875,2344.77001953125,2364.25,2346.739990234375,930800
2020-10-20,2333.56005859375,2322.06005859375,2358.409912109375,2358.409912109375,870300
2020-10-21,2363.030029296875,2356.320068359375,2371.739990234375,2370.860107421875,810400
2020-10-22,2355.610107421875,2339.72998046875,2360.219970703125,2355.050048828125,814000
2020-10-23,2364.840087890625,2344.489990234375,2368.570068359375,2360.81005859375,890400
2020-10-26,2366.5,2342.580078125,2374.5,2343.909912109375,822300
2020-10-27,2328.659912109375,2321.22998046875,2349.330078125,2330.840087890625,666900
2020-10-28,2324.179931640625,2316.469970703125,2345.4599609375,2345.260009765625,705200
2020-10-29,2312.340087890625,2299.909912109375,2330.169921875,2326.669921875,509100
2020-10-30,2319.56005859375,2266.929931640625,2320.199951171875,2267.14990234375,795600
2020-11-02,2276.610107421875,2267.949951171875,2302.639892578125,2300.159912109375,678500
2020-11-03,2315.81005859375,2315.300048828125,2344.77001953125,2343.31005859375,887400
2020-11-04,2361.320068359375,2339.949951171875,2371.139892578125,2357.320068359375,986800
2020-11-05,2373.409912109375,2370.85009765625,2413.7900390625,2413.7900390625,702000
2020-11-06,2421.7900390625,2404.969970703125,2431.110107421875,2416.5,825600
2020-11-09,2438.6298828125,2434.52001953125,2459.14990234375,2447.199951171875,1354900
2020-11-10,2453.949951171875,2435.590087890625,2457.93994140625,2452.830078125,1464200
2020-11-11,2459.5,2459.5,2488.0400390625,2485.8701171875,1272000
2020-11-12,2482.679931640625,2467.0400390625,2488.7900390625,2475.6201171875,1278100
2020-11-13,2470.1201171875,2460.9599609375,2495.77001953125,2493.8701171875,1072400
2020-11-16,2507.4599609375,2507.4599609375,2546.3701171875,2543.030029296875,1239100
2020-11-17,2544.1201171875,2533.340087890625,2556.090087890625,2539.14990234375,1266400
2020-11-18,2548.85009765625,2536.780029296875,2553.949951171875,2545.639892578125,923500
2020-11-19,2536.889892578125,2529.530029296875,2548.949951171875,2547.419921875,976500
2020-11-20,2544.06005859375,2539.7900390625,2558.2099609375,2553.5,1128900
2020-11-23,2560.0400390625,2553.699951171875,2605.580078125,2602.590087890625,1648900
2020-11-24,2616.280029296875,2605.030029296875,2628.52001953125,2617.760009765625,1364500
2020-11-25,2637.340087890625,2583.409912109375,2642.260009765625,2601.5400390625,1410100
2020-11-26,2605.72998046875,2592.429931640625,2625.969970703125,2625.909912109375,1387400
2020-11-27,2624.800048828125,2618.469970703125,2635.0,2633.449951171875,1196000
2020-11-30,2648.050048828125,2591.340087890625,2648.659912109375,2591.340087890625,1311800
2020-12-01,2613.419921875,2611.669921875,2638.8701171875,2634.25,1150300
2020-12-02,2645.8798828125,2644.530029296875,2677.260009765625,2675.89990234375,1076200
2020-12-03,2686.3798828125,2672.85009765625,2696.219970703125,2696.219970703125,817100
2020-12-04,2705.340087890625,2705.340087890625,2742.77001953125,2731.449951171875,1778900
2020-12-07,2738.110107421875,2711.419921875,2754.010009765625,2745.43994140625,1499300
2020-12-08,2745.1298828125,2700.919921875,2747.449951171875,2700.929931640625,1414300
2020-12-09,2703.300048828125,2703.300048828125,2755.469970703125,2755.469970703125,1252300
2020-12-10,2750.340087890625,2718.699951171875,2765.4599609375,2746.4599609375,1227700
2020-12-11,2754.159912109375,2754.159912109375,2781.0400390625,2770.06005859375,1215200
2020-12-14,2769.429931640625,2755.2900390625,2782.7900390625,2762.199951171875,1113600
2020-12-15,2763.64990234375,2735.080078125,2769.3701171875,2756.820068359375,1092700
2020-12-16,2763.639892578125,2761.5,2781.080078125,2771.7900390625,1166600
2020-12-17,2769.889892578125,2742.25,2772.7099609375,2770.429931640625,1015500
2020-12-18,2770.949951171875,2762.800048828125,2782.14990234375,2772.179931640625,1058300
2020-12-21,2771.97998046875,2747.090087890625,2780.239990234375,2778.64990234375,1139500
2020-12-22,2772.030029296875,2733.639892578125,2774.219970703125,2733.679931640625,1260800
2020-12-23,2737.739990234375,2716.280029296875,2769.080078125,2759.820068359375,1121300
2020-12-24,2762.60009765625,2762.60009765625,2812.159912109375,2806.860107421875,1030900
2020-12-28,2820.949951171875,2799.56005859375,2834.590087890625,2808.60009765625,1006200
2020-12-29,2810.550048828125,2792.06005859375,2823.43994140625,2820.510009765625,1046800
2020-12-30,2820.360107421875,2809.35009765625,2878.2099609375,2873.469970703125,1074000
2021-01-04,2874.5,2869.110107421875,2946.5400390625,2944.449951171875,1026500
2021-01-05,2943.669921875,2921.840087890625,2990.570068359375,2990.570068359375,1519900
2021-01-06,2993.340087890625,2961.3701171875,3027.159912109375,2968.2099609375,1793400
2021-01-07,2980.75,2980.75,3055.280029296875,3031.679931640625,1524700
2021-01-08,3040.110107421875,3040.110107421875,3161.110107421875,3152.179931640625,1297900
2021-01-11,3161.89990234375,3096.18994140625,3266.22998046875,3148.449951171875,1712500
2021-01-12,3145.8701171875,3047.56005859375,3154.7900390625,3125.949951171875,1388600
2021-01-13,3128.260009765625,3109.6298828125,3164.3701171875,3148.2900390625,1578000
2021-01-14,3148.64990234375,3128.719970703125,3159.030029296875,3149.929931640625,1233200
2021-01-15,3153.840087890625,3085.89990234375,3189.89990234375,3085.89990234375,1331100
2021-01-18,3079.89990234375,3003.889892578125,3079.89990234375,3013.929931640625,1472000
2021-01-19,3013.050048828125,3013.050048828125,3092.659912109375,3092.659912109375,1353300
2021-01-20,3115.0400390625,3077.14990234375,3145.010009765625,3114.550048828125,1192700
2021-01-21,3123.27001953125,3123.27001953125,3163.2099609375,3160.840087890625,1360100
2021-01-22,3163.830078125,3140.60009765625,3185.260009765625,3140.6298828125,1111200
2021-01-25,3144.010009765625,3142.800048828125,3212.219970703125,3208.989990234375,1093700
2021-01-26,3203.9599609375,3132.669921875,3209.179931640625,3140.31005859375,873000
2021-01-27,3143.4599609375,3118.889892578125,3182.530029296875,3122.56005859375,924600
2021-01-28,3114.97998046875,3046.639892578125,3114.97998046875,3069.050048828125,1310500
2021-01-29,3078.72998046875,2962.699951171875,3100.219970703125,2976.2099609375,995100
2021-02-01,2976.81005859375,2947.239990234375,3056.8701171875,3056.530029296875,969300
2021-02-02,3065.56005859375,3065.56005859375,3138.949951171875,3096.81005859375,887300
2021-02-03,3108.419921875,3091.85009765625,3142.260009765625,3129.679931640625,901800
2021-02-04,3135.02001953125,3068.4599609375,3135.02001953125,3087.550048828125,1460900
2021-02-05,3098.489990234375,3081.780029296875,3124.6201171875,3120.6298828125,1193500
2021-02-08,3113.6298828125,3085.590087890625,3128.5400390625,3091.239990234375,1277200
2021-02-09,3102.25,3084.669921875,3129.659912109375,3084.669921875,2145400
2021-02-10,3088.1298828125,3064.25,3111.8798828125,3100.580078125,2152900
2021-02-15,3108.699951171875,3108.699951171875,3156.56005859375,3147.0,1604700
2021-02-16,3151.85009765625,3145.840087890625,3180.93994140625,3163.25,1944400
2021-02-17,3162.949951171875,3115.47998046875,3162.949951171875,3133.72998046875,1784100
2021-02-18,3131.739990234375,3086.659912109375,3140.39990234375,3086.659912109375,1860600
2021-02-19,3089.9599609375,3040.280029296875,3109.669921875,3107.6201171875,3455500
2021-02-22,3114.030029296875,3079.159912109375,3142.47998046875,3079.75,1832000
2021-02-23,3069.260009765625,3035.4599609375,3094.2900390625,3070.090087890625,2357800
2021-02-24,3070.580078125,2993.4599609375,3092.050048828125,2994.97998046875,1560900
2021-02-25,3026.469970703125,3026.469970703125,3099.800048828125,3099.68994140625,1280100
2021-02-26,3089.489990234375,2988.280029296875,3089.489990234375,3012.949951171875,1361300
2021-03-02,3021.679931640625,3020.739990234375,3096.5,3043.8701171875,1749900
2021-03-03,3041.199951171875,3029.3701171875,3083.0400390625,3082.989990234375,2236700
2021-03-04,3076.8798828125,3022.5400390625,3076.8798828125,3043.489990234375,1279000
2021-03-05,3036.159912109375,2982.449951171875,3036.97998046875,3026.260009765625,1187200
2021-03-08,3031.989990234375,2992.639892578125,3055.64990234375,2996.110107421875,1928300
2021-03-09,2989.9599609375,2929.360107421875,3000.489990234375,2976.1201171875,1534200
2021-03-10,2980.760009765625,2951.530029296875,3013.949951171875,2958.1201171875,905600
2021-03-11,2964.300048828125,2964.300048828125,3028.3701171875,3013.699951171875,1349200
2021-03-12,3030.72998046875,3030.72998046875,3061.429931640625,3054.389892578125,1669100
2021-03-15,3057.06005859375,3036.139892578125,3065.169921875,3045.7099609375,1161800
2021-03-16,3049.22998046875,3049.22998046875,3071.5400390625,3067.169921875,1123900
2021-03-17,3067.760009765625,3027.199951171875,3069.570068359375,3047.5,815000
2021-03-18,3054.929931640625,3054.929931640625,3090.18994140625,3066.010009765625,1232600
2021-03-19,3063.010009765625,3022.489990234375,3063.010009765625,3039.530029296875,1068500
2021-03-22,3040.010009765625,3019.60009765625,3048.110107421875,3035.4599609375,915700
2021-03-23,3038.25,3003.050048828125,3058.7900390625,3004.739990234375,1331200
2021-03-24,2996.320068359375,2971.0400390625,3006.5400390625,2996.35009765625,978400
2021-03-25,2995.669921875,2987.830078125,3024.6298828125,3008.330078125,940400
2021-03-26,3012.7900390625,3012.7900390625,3041.860107421875,3041.010009765625,1036400
2021-03-29,3047.7099609375,3025.389892578125,3054.2099609375,3036.0400390625,1288800
2021-03-30,3038.43994140625,3038.43994140625,3074.570068359375,3070.0,1023100
2021-03-31,3073.389892578125,3061.39990234375,3093.889892578125,3061.419921875,1147000
2021-04-01,3073.77001953125,3069.679931640625,3090.8798828125,3087.39990234375,922700
2021-04-02,3104.719970703125,3101.60009765625,3121.580078125,3112.800048828125,792700
2021-04-05,3121.22998046875,3101.860107421875,3127.199951171875,3120.830078125,1084800
2021-04-06,3123.800048828125,3110.18994140625,3139.2900390625,3127.080078125,1279000
2021-04-07,3129.070068359375,3125.330078125,3146.18994140625,3137.409912109375,1984800
2021-04-08,3137.25,3122.090087890625,3145.81005859375,3143.260009765625,1357300
2021-04-09,3146.510009765625,3125.239990234375,3156.0400390625,3131.8798828125,1823200
2021-04-12,3134.8798828125,3127.909912109375,3147.27001953125,3135.590087890625,1048800
2021-04-13,3138.2099609375,3136.989990234375,3173.260009765625,3169.080078125,1741300
2021-04-14,3169.949951171875,3162.1201171875,3188.320068359375,3182.3798828125,1776300
2021-04-15,3180.72998046875,3178.989990234375,3204.47998046875,3194.330078125,1313000
2021-04-16,3194.080078125,3185.669921875,3206.760009765625,3198.6201171875,985300
2021-04-19,3201.110107421875,3193.39990234375,3214.449951171875,3198.840087890625,1060600
2021-04-20,3198.31005859375,3195.9599609375,3220.820068359375,3220.699951171875,1296200
2021-04-21,3214.239990234375,3165.489990234375,3214.239990234375,3171.659912109375,1767100
2021-04-22,3174.52001953125,3174.52001953125,3196.969970703125,3177.52001953125,1752700
2021-04-23,3173.469970703125,3146.5400390625,3185.969970703125,3181.080078125,1829400
2021-04-26,3191.340087890625,3191.340087890625,3217.530029296875,3217.530029296875,1298300
2021-04-27,3218.300048828125,3203.25,3223.050048828125,3215.419921875,1534200
2021-04-28,3217.2099609375,3176.550048828125,3219.68994140625,3181.469970703125,1412600
2021-04-29,3184.75,3161.06005859375,3200.409912109375,3174.070068359375,1222400
2021-04-30,3176.429931640625,3143.3798828125,3179.429931640625,3147.860107421875,1358200
2021-05-03,3149.050048828125,3120.699951171875,3174.260009765625,3127.199951171875,1040300
2021-05-04,3131.389892578125,3109.780029296875,3147.3798828125,3147.3701171875,1282900
2021-05-06,3147.719970703125,3133.639892578125,3174.159912109375,3160.429931640625,1238600
2021-05-07,3179.6298828125,3179.6298828125,3205.110107421875,3197.199951171875,988900
2021-05-10,3201.4599609375,3201.4599609375,3255.89990234375,3249.300048828125,1010200
2021-05-11,3239.919921875,3192.25,3239.919921875,3209.429931640625,1095700
2021-05-12,3209.360107421875,3138.0400390625,3212.830078125,3161.659912109375,1423200
2021-05-13,3146.969970703125,3103.8798828125,3161.929931640625,3122.110107421875,1094900
2021-05-14,3131.35009765625,3131.35009765625,3162.31005859375,3153.320068359375,835600
2021-05-17,3163.2099609375,3121.320068359375,3173.010009765625,3134.52001953125,770700
2021-05-18,3135.3798828125,3135.3798828125,3176.39990234375,3173.050048828125,785400
2021-05-20,3174.530029296875,3140.47998046875,3174.530029296875,3162.280029296875,773600
2021-05-21,3171.909912109375,3149.4599609375,3198.010009765625,3156.419921875,796800
2021-05-24,3155.909912109375,3137.81005859375,3163.27001953125,3144.300048828125,587500
2021-05-25,3152.929931640625,3148.300048828125,3173.10009765625,3171.320068359375,612700
2021-05-26,3171.909912109375,3160.300048828125,3183.969970703125,3168.429931640625,1269000
2021-05-27,3170.840087890625,3142.3701171875,3173.860107421875,3165.510009765625,1081100
2021-05-28,3172.090087890625,3171.85009765625,3198.659912109375,3188.72998046875,966000
2021-05-31,3192.06005859375,3179.8701171875,3204.2900390625,3203.919921875,1123100
2021-06-01,3207.1201171875,3199.179931640625,3233.169921875,3221.8701171875,1471800
2021-06-02,3224.39990234375,3216.10009765625,3241.070068359375,3224.22998046875,1495200
2021-06-03,3224.9599609375,3224.9599609375,3258.5,3247.429931640625,1584000
2021-06-04,3246.169921875,3218.669921875,3246.18994140625,3240.080078125,1391800
2021-06-07,3244.590087890625,3233.39990234375,3264.409912109375,3252.1201171875,1731900
2021-06-08,3251.830078125,3242.56005859375,3264.669921875,3247.830078125,1950600
2021-06-09,3245.080078125,3216.179931640625,3246.489990234375,3216.179931640625,1964500
2021-06-10,3216.93994140625,3210.31005859375,3235.389892578125,3224.639892578125,1896200
2021-06-11,3226.97998046875,3226.97998046875,3251.580078125,3249.320068359375,1643800
2021-06-14,3249.60009765625,3238.510009765625,3254.489990234375,3252.1298828125,1663900
2021-06-15,3253.169921875,3247.89990234375,3262.800048828125,3258.6298828125,1733900
2021-06-16,3259.06005859375,3256.679931640625,3281.9599609375,3278.679931640625,2345200
2021-06-17,3276.199951171875,3251.320068359375,3276.199951171875,3264.9599609375,1848200
2021-06-18,3265.679931640625,3262.580078125,3275.760009765625,3267.929931640625,1626400
2021-06-21,3264.179931640625,3225.56005859375,3264.179931640625,3240.7900390625,1508100
2021-06-22,3245.7900390625,3245.7900390625,3267.6298828125,3263.8798828125,1666300
2021-06-23,3265.72998046875,3263.070068359375,3281.8798828125,3276.18994140625,1068300
2021-06-24,3281.469970703125,3277.85009765625,3292.27001953125,3286.10009765625,1300300
2021-06-25,3289.179931640625,3289.179931640625,3316.080078125,3302.840087890625,1197600
2021-06-28,3305.4599609375,3291.300048828125,3311.68994140625,3301.889892578125,1427400
2021-06-29,3305.260009765625,3276.6298828125,3305.419921875,3286.679931640625,1211800
2021-06-30,3288.6298828125,3288.6298828125,3305.72998046875,3296.679931640625,1608900
2021-07-01,3297.919921875,3278.10009765625,3300.1201171875,3282.06005859375,1157700
2021-07-02,3282.81005859375,3278.18994140625,3295.679931640625,3281.780029296875,1019400
2021-07-05,3285.2900390625,3285.2900390625,3298.929931640625,3293.2099609375,849700
2021-07-06,3295.43994140625,3295.43994140625,3313.510009765625,3305.2099609375,1028800
2021-07-07,3303.590087890625,3277.659912109375,3303.590087890625,3285.340087890625,1146800
2021-07-08,3287.679931640625,3252.409912109375,3295.7099609375,3252.679931640625,1515200
2021-07-09,3245.52001953125,3188.800048828125,3245.52001953125,3217.949951171875,1307500
2021-07-12,3227.510009765625,3227.510009765625,3251.449951171875,3246.469970703125,1134600
2021-07-13,3253.239990234375,3253.239990234375,3273.89990234375,3271.3798828125,1149500
2021-07-14,3270.090087890625,3250.449951171875,3270.090087890625,3264.81005859375,908300
2021-07-15,3269.330078125,3263.090087890625,3286.580078125,3286.219970703125,1171900
2021-07-16,3282.889892578125,3259.320068359375,3282.889892578125,3276.909912109375,1066100
2021-07-19,3258.8701171875,3236.389892578125,3258.8701171875,3244.0400390625,1095100
2021-07-20,3223.239990234375,3214.419921875,3234.800048828125,3232.699951171875,979300
2021-07-21,3251.1298828125,3215.909912109375,3252.25,3215.909912109375,990300
2021-07-22,3235.169921875,3235.169921875,3253.75,3250.2099609375,713000
2021-07-23,3253.43994140625,3246.090087890625,3264.010009765625,3254.419921875,804600
2021-07-26,3265.989990234375,3224.949951171875,3265.989990234375,3224.949951171875,826100
2021-07-27,3244.429931640625,3230.75,3252.85009765625,3232.530029296875,991600
2021-07-28,3226.06005859375,3210.89990234375,3243.2099609375,3236.860107421875,868200
2021-07-29,3248.489990234375,3232.5,3252.260009765625,3242.64990234375,694500
2021-07-30,3234.3701171875,3202.320068359375,3234.659912109375,3202.320068359375,687500
2021-08-02,3218.419921875,3194.0,3223.0400390625,3223.0400390625,560800
2021-08-03,3221.570068359375,3213.199951171875,3237.139892578125,3237.139892578125,653200
2021-08-04,3246.64990234375,3237.550048828125,3283.139892578125,3280.3798828125,632000
2021-08-05,3283.25,3273.330078125,3296.169921875,3276.1298828125,680000
2021-08-06,3277.06005859375,3261.929931640625,3288.169921875,3270.360107421875,939900
2021-08-09,3258.10009765625,3251.739990234375,3275.14990234375,3260.419921875,706500
2021-08-10,3272.43994140625,3232.4599609375,3272.43994140625,3243.18994140625,729000
2021-08-11,3235.360107421875,3217.64990234375,3250.2099609375,3220.6201171875,616700
2021-08-12,3213.580078125,3202.110107421875,3229.590087890625,3208.3798828125,642600
2021-08-13,3205.75,3146.760009765625,3209.719970703125,3171.2900390625,695600
2021-08-17,3169.739990234375,3134.47998046875,3179.489990234375,3143.090087890625,690800
2021-08-18,3141.97998046875,3124.56005859375,3175.8798828125,3158.929931640625,622800
2021-08-19,3140.010009765625,3097.830078125,3158.0,3097.830078125,655600
2021-08-20,3111.10009765625,3049.030029296875,3122.090087890625,3060.510009765625,672100
2021-08-23,3086.81005859375,3064.64990234375,3111.81005859375,3090.2099609375,570400
2021-08-24,3119.699951171875,3115.22998046875,3142.580078125,3138.300048828125,586500
2021-08-25,3148.1298828125,3124.25,3161.0,3146.81005859375,600400
2021-08-26,3151.300048828125,3121.0400390625,3159.3701171875,3128.530029296875,727700
2021-08-27,3116.2900390625,3106.969970703125,3143.010009765625,3133.89990234375,520700
2021-08-30,3160.8701171875,3132.77001953125,3164.8701171875,3144.18994140625,602900
2021-08-31,3144.489990234375,3130.300048828125,3199.889892578125,3199.27001953125,660500
2021-09-01,3195.669921875,3185.800048828125,3215.1298828125,3207.02001953125,746700
2021-09-02,3198.030029296875,3171.780029296875,3204.010009765625,3175.85009765625,753900
2021-09-03,3189.7099609375,3181.639892578125,3203.080078125,3201.06005859375,638300
2021-09-06,3196.300048828125,3186.7900390625,3206.25,3203.330078125,726200
2021-09-07,3200.070068359375,3176.81005859375,3201.760009765625,3187.419921875,758700
2021-09-08,3178.739990234375,3157.070068359375,3187.550048828125,3162.989990234375,858500
2021-09-09,3146.639892578125,3111.489990234375,3158.60009765625,3114.699951171875,927400
2021-09-10,3121.090087890625,3103.3798828125,3131.5400390625,3125.760009765625,723100
2021-09-13,3117.35009765625,3109.010009765625,3139.1298828125,3127.860107421875,731200
2021-09-14,3137.320068359375,3137.320068359375,3164.31005859375,3148.830078125,712400
2021-09-15,3147.2099609375,3138.800048828125,3164.010009765625,3153.39990234375,615200
2021-09-16,3165.3798828125,3126.64990234375,3167.679931640625,3130.090087890625,612000
2021-09-17,3127.75,3112.510009765625,3142.1298828125,3140.510009765625,587500
2021-09-23,3123.639892578125,3107.97998046875,3131.6298828125,3127.580078125,623000
2021-09-24,3140.72998046875,3119.39990234375,3146.860107421875,3125.239990234375,752800
2021-09-27,3121.699951171875,3119.260009765625,3146.35009765625,3133.639892578125,882600
2021-09-28,3133.39990234375,3095.719970703125,3134.4599609375,3097.919921875,894100
2021-09-29,3055.5,3030.60009765625,3069.0400390625,3060.27001953125,820700
2021-09-30,3054.8701171875,3046.429931640625,3079.429931640625,3068.820068359375,885400
2021-10-01,3056.2099609375,3015.010009765625,3062.60009765625,3019.179931640625,854800
2021-10-05,2998.169921875,2940.590087890625,2998.169921875,2962.169921875,839400
2021-10-06,2986.06005859375,2908.300048828125,2993.469970703125,2908.31005859375,900500
2021-10-07,2936.8701171875,2927.60009765625,2961.530029296875,2959.4599609375,594600
2021-10-08,2977.820068359375,2949.010009765625,2978.080078125,2956.300048828125,668200
2021-10-12,2950.219970703125,2901.510009765625,2950.93994140625,2916.3798828125,659600
2021-10-13,2913.340087890625,2909.469970703125,2953.330078125,2944.409912109375,751600
2021-10-14,2968.8701171875,2962.330078125,2988.969970703125,2988.639892578125,616600
2021-10-15,3012.6201171875,2999.330078125,3021.89990234375,3015.06005859375,857300
2021-10-18,3017.47998046875,2990.43994140625,3021.169921875,3006.679931640625,926000
2021-10-19,3022.22998046875,3014.18994140625,3034.530029296875,3029.0400390625,845400
2021-10-20,3043.1298828125,3012.969970703125,3047.239990234375,3013.1298828125,679900
2021-10-21,3012.280029296875,3002.739990234375,3025.8798828125,3007.330078125,887000
2021-10-22,3005.360107421875,2996.260009765625,3018.699951171875,3006.159912109375,695000
2021-10-25,3001.10009765625,2983.2900390625,3025.27001953125,3020.5400390625,791500
2021-10-26,3039.820068359375,3030.530029296875,3051.64990234375,3049.080078125,564100
2021-10-27,3045.830078125,3019.0,3049.02001953125,3025.489990234375,607500
2021-10-28,3023.169921875,3009.550048828125,3034.419921875,3009.550048828125,616900
2021-10-29,3025.669921875,2965.39990234375,3030.169921875,2970.679931640625,545300
2021-11-01,2984.179931640625,2976.8701171875,2991.81005859375,2978.93994140625,475000
2021-11-02,2995.580078125,2995.580078125,3034.300048828125,3013.489990234375,525400
2021-11-03,3020.360107421875,2969.010009765625,3020.8701171875,2975.7099609375,658300
2021-11-04,3000.919921875,2978.070068359375,3011.56005859375,2983.219970703125,771700
2021-11-05,3003.530029296875,2953.9599609375,3003.530029296875,2969.27001953125,687400
2021-11-08,2965.360107421875,2930.89990234375,2968.179931640625,2960.199951171875,559600
2021-11-09,2958.14990234375,2949.169921875,2987.280029296875,2962.4599609375,707800
2021-11-10,2947.4599609375,2924.360107421875,2958.610107421875,2930.169921875,567300
2021-11-11,2911.409912109375,2903.719970703125,2925.18994140625,2924.919921875,571900
2021-11-12,2945.949951171875,2938.27001953125,2973.840087890625,2968.800048828125,665000
2021-11-15,2989.679931640625,2979.9599609375,3003.7099609375,2999.52001953125,638900
2021-11-16,2995.679931640625,2985.340087890625,3011.8798828125,2997.2099609375,579000
2021-11-17,3004.02001953125,2957.699951171875,3004.669921875,2962.419921875,540700
2021-11-18,2959.260009765625,2937.530029296875,2964.47998046875,2947.3798828125,541100
2021-11-19,2951.06005859375,2948.070068359375,2974.639892578125,2971.02001953125,656300
2021-11-22,2983.3798828125,2980.72998046875,3018.010009765625,3013.25,531000
2021-11-23,3013.159912109375,2992.139892578125,3016.360107421875,2997.330078125,524200
2021-11-24,3006.340087890625,2981.02001953125,3017.89990234375,2994.2900390625,556600
2021-11-25,2996.739990234375,2973.239990234375,2996.739990234375,2980.27001953125,595400
2021-11-26,2973.0400390625,2930.31005859375,2985.77001953125,2936.43994140625,594700
2021-11-29,2906.14990234375,2890.780029296875,2930.219970703125,2909.320068359375,841700
2021-11-30,2932.7099609375,2822.72998046875,2942.929931640625,2839.010009765625,982400
2021-12-01,2860.1201171875,2837.030029296875,2905.739990234375,2899.719970703125,563100
2021-12-02,2874.639892578125,2874.639892578125,2945.27001953125,2945.27001953125,533700
2021-12-03,2935.929931640625,2927.550048828125,2975.43994140625,2968.330078125,486100
2021-12-06,2954.820068359375,2932.489990234375,2983.5,2973.25,479400
2021-12-07,2973.840087890625,2960.89990234375,2992.31005859375,2991.719970703125,540900
2021-12-08,3017.929931640625,2995.340087890625,3036.1298828125,3001.800048828125,487800
2021-12-09,3007.0,3001.550048828125,3029.570068359375,3029.570068359375,513000
2021-12-10,3008.699951171875,2998.2900390625,3017.639892578125,3010.22998046875,451200
2021-12-13,3019.669921875,3000.510009765625,3043.830078125,3001.659912109375,375400
2021-12-14,2983.949951171875,2976.159912109375,3001.699951171875,2987.949951171875,581200
2021-12-15,2979.830078125,2973.0,2992.300048828125,2989.389892578125,432500
2021-12-16,3013.260009765625,2989.6298828125,3018.199951171875,3006.409912109375,402400
2021-12-17,2985.199951171875,2984.18994140625,3017.72998046875,3017.72998046875,451400
2021-12-20,3001.330078125,2962.070068359375,3001.330078125,2963.0,377100
2021-12-21,2981.669921875,2955.89990234375,2984.56005859375,2975.030029296875,410500
2021-12-22,2993.5,2976.64990234375,3000.7900390625,2984.47998046875,461400
2021-12-23,2998.02001953125,2980.909912109375,3000.699951171875,2998.169921875,483300
2021-12-24,3009.47998046875,3009.47998046875,3025.77001953125,3012.429931640625,537500
2021-12-27,3013.93994140625,2999.300048828125,3017.31005859375,2999.550048828125,475000
2021-12-28,3006.77001953125,2991.550048828125,3020.2900390625,3020.239990234375,607000
2021-12-29,3002.89990234375,2988.669921875,3007.719970703125,2993.2900390625,545800
2021-12-30,2999.75,2975.739990234375,3005.360107421875,2977.64990234375,460600
2022-01-04,2991.969970703125,2973.080078125,2995.25,2989.239990234375,621200
2022-01-05,2984.050048828125,2936.72998046875,2986.199951171875,2953.969970703125,786900
2022-01-06,2925.39990234375,2915.3798828125,2952.5400390625,2920.530029296875,785500
2022-01-07,2933.780029296875,2933.10009765625,2959.030029296875,2954.889892578125,545800
2022-01-10,2947.3701171875,2910.89990234375,2951.1201171875,2926.719970703125,477000
2022-01-11,2930.929931640625,2909.820068359375,2943.570068359375,2927.3798828125,565800
2022-01-12,2950.780029296875,2950.31005859375,2972.580078125,2972.47998046875,519000
2022-01-13,2979.909912109375,2958.389892578125,2982.139892578125,2962.090087890625,604600
2022-01-14,2937.610107421875,2914.72998046875,2944.969970703125,2921.919921875,532300
2022-01-17,2918.550048828125,2875.97998046875,2919.669921875,2890.10009765625,592900
2022-01-18,2898.97998046875,2857.260009765625,2902.7900390625,2864.239990234375,553700
2022-01-19,2840.340087890625,2832.179931640625,2871.7900390625,2842.280029296875,463400
2022-01-20,2842.280029296875,2830.969970703125,2862.699951171875,2862.679931640625,395400
2022-01-21,2837.489990234375,2817.110107421875,2847.949951171875,2834.2900390625,532500
2022-01-24,2823.760009765625,2780.679931640625,2828.110107421875,2792.0,473600
2022-01-25,2786.409912109375,2703.989990234375,2789.6201171875,2720.389892578125,639400
2022-01-26,2729.75,2708.10009765625,2744.139892578125,2709.239990234375,471800
2022-01-27,2709.239990234375,2614.489990234375,2722.860107421875,2614.489990234375,487100
2022-01-28,2617.8701171875,2591.530029296875,2668.590087890625,2663.340087890625,433700
2022-02-03,2706.340087890625,2702.780029296875,2735.340087890625,2707.820068359375,435300
2022-02-04,2714.830078125,2712.8701171875,2751.800048828125,2750.260009765625,535900
2022-02-07,2750.699951171875,2718.93994140625,2750.699951171875,2745.06005859375,417600
2022-02-08,2767.760009765625,2726.719970703125,2779.85009765625,2746.469970703125,559600
2022-02-09,2772.6298828125,2753.510009765625,2773.3798828125,2768.85009765625,538700
2022-02-10,2787.43994140625,2761.760009765625,2788.27001953125,2771.929931640625,509300
2022-02-11,2739.139892578125,2735.080078125,2766.699951171875,2747.7099609375,480300
2022-02-14,2715.10009765625,2688.239990234375,2724.719970703125,2704.47998046875,616000
2022-02-15,2712.449951171875,2665.469970703125,2716.449951171875,2676.5400390625,588700
2022-02-16,2719.610107421875,2711.340087890625,2730.429931640625,2729.679931640625,422100
2022-02-17,2735.110107421875,2711.989990234375,2770.659912109375,2744.090087890625,611000
2022-02-18,2714.52001953125,2711.8798828125,2747.080078125,2744.52001953125,512900
2022-02-21,2706.64990234375,2694.89990234375,2746.6201171875,2743.800048828125,495000
2022-02-22,2705.080078125,2690.090087890625,2721.840087890625,2706.7900390625,648100
2022-02-23,2727.429931640625,2705.31005859375,2729.56005859375,2719.530029296875,537700
2022-02-24,2689.280029296875,2642.6298828125,2694.550048828125,2648.800048828125,925900
2022-02-25,2678.469970703125,2665.9599609375,2694.81005859375,2676.760009765625,664100
2022-02-28,2663.0,2658.25,2699.179931640625,2699.179931640625,613300
2022-03-02,2698.31005859375,2692.239990234375,2716.4599609375,2703.52001953125,527800
2022-03-03,2729.860107421875,2726.35009765625,2748.2099609375,2747.080078125,614300
2022-03-04,2736.580078125,2702.340087890625,2736.580078125,2713.429931640625,765300
2022-03-07,2680.169921875,2644.10009765625,2680.169921875,2651.31005859375,571300
2022-03-08,2617.330078125,2605.81005859375,2647.179931640625,2622.39990234375,540100
2022-03-10,2660.860107421875,2660.860107421875,2682.7900390625,2680.320068359375,613500
2022-03-11,2665.949951171875,2647.280029296875,2672.6201171875,2661.280029296875,796500
2022-03-14,2654.929931640625,2633.31005859375,2661.760009765625,2645.64990234375,635900
2022-03-15,2630.31005859375,2615.080078125,2641.969970703125,2621.530029296875,603700
2022-03-16,2649.85009765625,2630.030029296875,2659.89990234375,2659.22998046875,736000
2022-03-17,2703.27001953125,2694.510009765625,2714.0,2694.510009765625,545500
2022-03-18,2695.639892578125,2688.7099609375,2708.159912109375,2707.02001953125,643500
2022-03-21,2717.81005859375,2683.68994140625,2717.81005859375,2686.050048828125,502000
2022-03-22,2686.679931640625,2686.580078125,2712.139892578125,2710.0,489100
2022-03-23,2727.1201171875,2720.830078125,2742.27001953125,2735.050048828125,883000
2022-03-24,2716.25,2705.139892578125,2729.659912109375,2729.659912109375,959600
2022-03-25,2740.830078125,2722.360107421875,2740.949951171875,2729.97998046875,599800
2022-03-28,2721.219970703125,2707.739990234375,2737.4599609375,2729.56005859375,768000
2022-03-29,2745.6201171875,2733.219970703125,2754.179931640625,2741.070068359375,726700
2022-03-30,2758.31005859375,2740.02001953125,2760.60009765625,2746.739990234375,837800
2022-03-31,2743.239990234375,2743.199951171875,2765.199951171875,2757.64990234375,1029500
2022-04-01,2745.85009765625,2729.679931640625,2745.85009765625,2739.85009765625,1305000
2022-04-04,2729.860107421875,2722.449951171875,2758.3798828125,2757.89990234375,1022500
2022-04-05,2765.5,2750.5,2769.179931640625,2759.199951171875,1605600
2022-04-06,2739.070068359375,2730.659912109375,2747.85009765625,2735.030029296875,1321300
2022-04-07,2714.699951171875,2693.360107421875,2718.5,2695.860107421875,998200
2022-04-08,2706.639892578125,2685.52001953125,2712.0,2700.389892578125,948000
2022-04-11,2687.5400390625,2683.9599609375,2711.02001953125,2693.10009765625,742100
2022-04-12,2674.169921875,2658.39990234375,2685.080078125,2666.760009765625,870000
2022-04-13,2677.530029296875,2672.60009765625,2717.6298828125,2716.489990234375,732000
2022-04-14,2719.340087890625,2702.610107421875,2720.300048828125,2716.7099609375,664800
2022-04-15,2695.52001953125,2685.010009765625,2705.409912109375,2696.06005859375,693700
2022-04-18,2685.0400390625,2681.3701171875,2701.110107421875,2693.2099609375,1024600
2022-04-19,2707.760009765625,2705.320068359375,2723.97998046875,2718.889892578125,1256100
2022-04-20,2718.489990234375,2702.840087890625,2724.4599609375,2718.68994140625,1735700
2022-04-21,2725.7099609375,2725.0400390625,2737.5400390625,2728.2099609375,1002600
2022-04-22,2704.719970703125,2690.47998046875,2708.580078125,2704.7099609375,1239400
2022-04-25,2676.669921875,2657.0400390625,2680.35009765625,2657.1298828125,1017600
2022-04-26,2674.0,2663.830078125,2678.050048828125,2668.31005859375,889600
2022-04-27,2630.580078125,2615.5,2641.820068359375,2639.06005859375,1071800
2022-04-28,2656.5400390625,2638.3701171875,2667.489990234375,2667.489990234375,898900
2022-04-29,2669.179931640625,2664.06005859375,2696.10009765625,2695.050048828125,975000
2022-05-02,2669.2099609375,2667.85009765625,2689.909912109375,2687.449951171875,873400
2022-05-03,2690.159912109375,2680.4599609375,2702.10009765625,2680.4599609375,883100
2022-05-04,2690.449951171875,2667.22998046875,2696.030029296875,2677.570068359375,1180500
2022-05-06,2650.889892578125,2635.969970703125,2652.510009765625,2644.510009765625,1333600
2022-05-10,2590.1298828125,2553.010009765625,2602.75,2596.56005859375,840900
2022-05-11,2586.52001953125,2579.090087890625,2599.110107421875,2592.27001953125,679300
2022-05-12,2569.5,2546.800048828125,2591.570068359375,2550.080078125,899900
2022-05-13,2570.010009765625,2565.9599609375,2605.840087890625,2604.239990234375,788300
2022-05-16,2624.68994140625,2593.610107421875,2629.199951171875,2596.580078125,780000
2022-05-17,2603.580078125,2603.580078125,2621.840087890625,2620.43994140625,873000
2022-05-18,2634.75,2618.0,2644.1298828125,2625.97998046875,869300
2022-05-19,2576.239990234375,2568.5400390625,2597.7900390625,2592.340087890625,676900
2022-05-20,2605.780029296875,2605.3798828125,2641.679931640625,2639.2900390625,752400
2022-05-23,2651.6298828125,2634.2900390625,2653.8701171875,2647.3798828125,641900
2022-05-24,2638.93994140625,2605.8701171875,2646.989990234375,2605.8701171875,850700
2022-05-25,2621.75,2602.93994140625,2630.169921875,2617.219970703125,710200
2022-05-26,2616.989990234375,2602.010009765625,2641.909912109375,2612.449951171875,595300
2022-05-27,2640.75,2631.489990234375,2644.7099609375,2638.050048828125,590500
2022-05-30,2662.31005859375,2654.179931640625,2672.739990234375,2669.659912109375,469300
2022-05-31,2666.8798828125,2654.320068359375,2685.89990234375,2685.89990234375,670700
2022-06-02,2670.739990234375,2653.590087890625,2674.0,2658.989990234375,524900
2022-06-03,2679.570068359375,2663.0,2681.510009765625,2670.64990234375,562200
2022-06-07,2659.27001953125,2622.780029296875,2662.0400390625,2626.340087890625,524300
2022-06-08,2633.530029296875,2621.9599609375,2639.52001953125,2626.14990234375,576000
2022-06-09,2618.919921875,2606.610107421875,2627.8798828125,2625.43994140625,814500
2022-06-10,2596.3701171875,2583.739990234375,2602.800048828125,2595.8701171875,723800
2022-06-13,2550.2099609375,2504.510009765625,2550.320068359375,2504.510009765625,659800
2022-06-14,2472.9599609375,2457.389892578125,2503.169921875,2492.969970703125,671200
2022-06-15,2490.010009765625,2436.0400390625,2495.5400390625,2447.3798828125,713800
2022-06-16,2481.659912109375,2447.330078125,2500.360107421875,2451.409912109375,583800
2022-06-17,2409.719970703125,2396.469970703125,2441.340087890625,2440.929931640625,634200
2022-06-20,2449.889892578125,2372.35009765625,2449.889892578125,2391.030029296875,592100
2022-06-21,2402.989990234375,2385.60009765625,2423.47998046875,2408.929931640625,479400
2022-06-22,2417.110107421875,2342.81005859375,2418.050048828125,2342.81005859375,531800
2022-06-23,2347.840087890625,2306.47998046875,2361.22998046875,2314.320068359375,749200
2022-06-24,2327.110107421875,2319.989990234375,2373.47998046875,2366.60009765625,654100
2022-06-27,2383.199951171875,2365.860107421875,2418.93994140625,2401.919921875,509700
2022-06-28,2405.199951171875,2393.9599609375,2422.10009765625,2422.090087890625,564700
2022-06-29,2387.10009765625,2375.449951171875,2393.25,2377.989990234375,422100
2022-06-30,2368.570068359375,2332.590087890625,2368.570068359375,2332.639892578125,515000
2022-07-01,2342.919921875,2291.489990234375,2354.969970703125,2305.419921875,530100
2022-07-04,2310.72998046875,2276.6298828125,2318.31005859375,2300.340087890625,467700
2022-07-05,2322.110107421875,2309.6201171875,2344.080078125,2341.780029296875,323600
2022-07-06,2330.110107421875,2290.330078125,2332.139892578125,2292.010009765625,410600
2022-07-07,2308.969970703125,2307.89990234375,2344.139892578125,2334.27001953125,340000
2022-07-08,2352.489990234375,2348.739990234375,2367.840087890625,2350.610107421875,411200
2022-07-11,2357.429931640625,2337.820068359375,2363.260009765625,2340.27001953125,376900
2022-07-12,2330.8798828125,2303.739990234375,2333.02001953125,2317.760009765625,379000
2022-07-13,2324.449951171875,2312.489990234375,2341.18994140625,2328.610107421875,308400
2022-07-14,2316.409912109375,2307.68994140625,2338.2900390625,2322.320068359375,348900
2022-07-15,2335.1201171875,2293.449951171875,2337.300048828125,2330.97998046875,319300
2022-07-18,2350.47998046875,2344.1201171875,2376.5,2375.25,324100
2022-07-19,2367.52001953125,2359.590087890625,2372.739990234375,2370.969970703125,339200
2022-07-20,2406.2900390625,2382.64990234375,2410.06005859375,2386.85009765625,333000
2022-07-21,2387.909912109375,2387.909912109375,2411.9599609375,2409.159912109375,295500
2022-07-22,2405.3701171875,2391.47998046875,2417.909912109375,2393.139892578125,381400
2022-07-25,2385.64990234375,2385.64990234375,2412.469970703125,2403.68994140625,322900
2022-07-26,2397.27001953125,2395.169921875,2415.389892578125,2412.9599609375,415100
2022-07-27,2412.52001953125,2396.18994140625,2415.530029296875,2415.530029296875,333400
2022-07-28,2437.570068359375,2429.070068359375,2443.429931640625,2435.27001953125,490900
2022-07-29,2453.530029296875,2442.010009765625,2463.050048828125,2451.5,499000
2022-08-01,2444.050048828125,2437.1298828125,2461.39990234375,2452.25,487000
2022-08-02,2451.0,2428.760009765625,2451.070068359375,2439.6201171875,549800
2022-08-03,2438.56005859375,2433.1201171875,2461.449951171875,2461.449951171875,475200
2022-08-04,2478.43994140625,2465.320068359375,2478.949951171875,2473.110107421875,398500
2022-08-05,2481.429931640625,2480.050048828125,2497.580078125,2490.800048828125,409400
2022-08-08,2481.169921875,2477.760009765625,2494.0,2493.10009765625,418100
2022-08-09,2493.570068359375,2481.360107421875,2506.489990234375,2503.4599609375,454200
2022-08-10,2493.699951171875,2478.2099609375,2494.14990234375,2480.8798828125,479300
2022-08-11,2507.739990234375,2506.409912109375,2523.780029296875,2523.780029296875,505100
2022-08-12,2519.659912109375,2514.31005859375,2533.199951171875,2527.93994140625,445100
2022-08-16,2543.050048828125,2532.199951171875,2546.35009765625,2533.52001953125,398100
2022-08-17,2536.570068359375,2512.010009765625,2543.14990234375,2516.469970703125,417800
2022-08-18,2499.300048828125,2488.090087890625,2515.3701171875,2508.050048828125,381400
2022-08-19,2510.719970703125,2492.68994140625,2510.719970703125,2492.68994140625,459700
2022-08-22,2467.3798828125,2457.080078125,2475.77001953125,2462.5,422400
2022-08-23,2449.31005859375,2431.830078125,2454.550048828125,2435.340087890625,471000
2022-08-24,2446.179931640625,2430.68994140625,2454.010009765625,2447.449951171875,423300
2022-08-25,2459.7900390625,2455.320068359375,2477.260009765625,2477.260009765625,426000
2022-08-26,2489.139892578125,2476.75,2497.760009765625,2481.030029296875,519900
2022-08-29,2432.06005859375,2417.010009765625,2432.889892578125,2426.889892578125,447200
2022-08-30,2441.2099609375,2433.47998046875,2453.909912109375,2450.929931640625,336200
2022-08-31,2433.469970703125,2426.139892578125,2473.75,2472.050048828125,435900
2022-09-01,2443.0,2415.610107421875,2443.610107421875,2415.610107421875,579300
2022-09-02,2427.699951171875,2402.669921875,2432.3701171875,2409.409912109375,391400
2022-09-05,2410.070068359375,2392.6298828125,2424.77001953125,2403.679931640625,354700
2022-09-06,2409.719970703125,2399.260009765625,2422.530029296875,2410.02001953125,294100
2022-09-07,2395.659912109375,2365.35009765625,2398.39990234375,2376.4599609375,377900
2022-09-08,2393.27001953125,2379.06005859375,2394.06005859375,2384.280029296875,423600
2022-09-13,2418.590087890625,2418.590087890625,2453.949951171875,2449.5400390625,366900
2022-09-14,2390.469970703125,2381.5,2418.419921875,2411.419921875,461300
2022-09-15,2416.010009765625,2401.830078125,2421.6298828125,2401.830078125,423900
2022-09-16,2387.56005859375,2371.110107421875,2395.10009765625,2382.780029296875,440300
2022-09-19,2388.72998046875,2352.760009765625,2389.85009765625,2355.659912109375,403700
2022-09-20,2373.639892578125,2359.840087890625,2382.52001953125,2367.85009765625,419200
2022-09-21,2351.5400390625,2341.7900390625,2360.27001953125,2347.2099609375,378000
2022-09-22,2319.699951171875,2309.10009765625,2335.110107421875,2332.31005859375,446600
2022-09-23,2331.330078125,2285.7099609375,2334.06005859375,2290.0,446300
2022-09-26,2260.800048828125,2215.360107421875,2260.800048828125,2220.93994140625,621400
2022-09-27,2224.389892578125,2197.89990234375,2227.35009765625,2223.860107421875,487600
2022-09-28,2206.14990234375,2151.60009765625,2223.56005859375,2169.2900390625,595700
2022-09-29,2197.75,2170.139892578125,2210.610107421875,2170.929931640625,508200
2022-09-30,2161.110107421875,2134.77001953125,2177.199951171875,2155.489990234375,950000
2022-10-04,2189.510009765625,2180.840087890625,2212.3798828125,2209.3798828125,420700
2022-10-05,2248.85009765625,2204.030029296875,2253.929931640625,2215.219970703125,855400
2022-10-06,2230.429931640625,2223.360107421875,2250.8701171875,2237.860107421875,642700
2022-10-07,2217.840087890625,2215.080078125,2245.8798828125,2232.840087890625,428500
2022-10-11,2193.02001953125,2174.06005859375,2193.050048828125,2192.070068359375,859100
2022-10-12,2191.35009765625,2181.64990234375,2205.02001953125,2202.469970703125,658000
2022-10-13,2198.2900390625,2162.8701171875,2198.340087890625,2162.8701171875,792200
2022-10-14,2200.659912109375,2193.6298828125,2220.5400390625,2212.550048828125,512900
2022-10-17,2187.169921875,2177.659912109375,2221.050048828125,2219.7099609375,498500
2022-10-18,2249.14990234375,2220.7099609375,2251.739990234375,2249.949951171875,580700
2022-10-19,2249.35009765625,2234.590087890625,2266.800048828125,2237.43994140625,895000
2022-10-20,2225.530029296875,2200.43994140625,2231.52001953125,2218.090087890625,1108000
2022-10-21,2210.590087890625,2204.639892578125,2224.0400390625,2213.1201171875,637400
2022-10-24,2248.260009765625,2229.85009765625,2256.669921875,2236.159912109375,444700
2022-10-25,2237.0400390625,2230.75,2253.239990234375,2235.070068359375,456700
2022-10-26,2240.699951171875,2234.489990234375,2258.110107421875,2249.56005859375,563300
2022-10-27,2266.070068359375,2262.02001953125,2290.56005859375,2288.780029296875,587700
2022-10-28,2276.72998046875,2266.43994140625,2292.64990234375,2268.39990234375,427100
2022-10-31,2293.75,2273.72998046875,2295.510009765625,2293.610107421875,401300
2022-11-01,2301.580078125,2297.570068359375,2335.570068359375,2335.219970703125,597100
2022-11-02,2326.050048828125,2323.3701171875,2346.320068359375,2336.8701171875,450200
2022-11-03,2297.449951171875,2296.43994140625,2342.860107421875,2329.169921875,550300
2022-11-04,2325.85009765625,2316.2900390625,2348.429931640625,2348.429931640625,436200
2022-11-07,2360.219970703125,2354.219970703125,2373.280029296875,2371.7900390625,392300
2022-11-08,2387.199951171875,2375.669921875,2400.389892578125,2399.0400390625,499800
2022-11-09,2408.5400390625,2403.639892578125,2429.64990234375,2424.409912109375,680500
2022-11-10,2405.77001953125,2401.989990234375,2426.10009765625,2402.22998046875,899000
2022-11-11,2466.89990234375,2463.510009765625,2486.4599609375,2483.159912109375,758000
2022-11-14,2485.179931640625,2470.60009765625,2499.429931640625,2474.64990234375,730900
2022-11-15,2482.760009765625,2463.64990234375,2485.199951171875,2480.330078125,617100
2022-11-16,2487.0,2446.7900390625,2487.0,2477.449951171875,657600
2022-11-17,2466.5,2442.89990234375,2467.389892578125,2442.89990234375,914400
2022-11-18,2448.1298828125,2442.8701171875,2471.8701171875,2444.47998046875,589500
2022-11-21,2446.050048828125,2409.360107421875,2448.139892578125,2419.5,544500
2022-11-22,2405.9599609375,2401.5,2426.39990234375,2405.27001953125,539200
2022-11-23,2424.360107421875,2407.580078125,2427.280029296875,2418.010009765625,474800
2022-11-24,2437.510009765625,2428.1201171875,2441.330078125,2441.330078125,481200
2022-11-25,2442.2099609375,2433.570068359375,2449.659912109375,2437.860107421875,438400
2022-11-28,2425.050048828125,2401.949951171875,2425.64990234375,2408.27001953125,350100
2022-11-29,2405.5400390625,2401.10009765625,2433.8701171875,2433.389892578125,550000
2022-11-30,2424.43994140625,2421.419921875,2472.530029296875,2472.530029296875,593900
2022-12-01,2501.429931640625,2474.330078125,2501.429931640625,2479.840087890625,491200
2022-12-02,2471.5,2434.330078125,2471.5,2434.330078125,468500
2022-12-05,2442.169921875,2413.050048828125,2442.219970703125,2419.320068359375,385200
2022-12-06,2397.699951171875,2390.199951171875,2416.8798828125,2393.159912109375,367800
2022-12-07,2385.8701171875,2377.97998046875,2394.8798828125,2382.81005859375,332100
2022-12-08,2386.89990234375,2357.199951171875,2387.949951171875,2371.080078125,351600
2022-12-09,2382.72998046875,2367.25,2390.080078125,2389.0400390625,315300
2022-12-12,2373.580078125,2368.469970703125,2381.8701171875,2373.02001953125,498900
2022-12-13,2385.050048828125,2364.8701171875,2388.27001953125,2372.39990234375,447100
2022-12-14,2380.81005859375,2379.43994140625,2400.179931640625,2399.25,409400
2022-12-15,2383.830078125,2360.949951171875,2392.110107421875,2360.969970703125,374300
2022-12-16,2329.75,2326.830078125,2360.43994140625,2360.02001953125,414200
2022-12-19,2350.780029296875,2342.280029296875,2358.760009765625,2352.169921875,323600
2022-12-20,2344.72998046875,2324.659912109375,2353.860107421875,2333.2900390625,358100
2022-12-21,2346.389892578125,2325.780029296875,2347.0,2328.949951171875,329400
2022-12-22,2340.0,2335.75,2356.72998046875,2356.72998046875,552800
2022-12-23,2325.860107421875,2311.89990234375,2333.080078125,2313.68994140625,367000
2022-12-26,2312.5400390625,2304.199951171875,2321.919921875,2317.139892578125,427600
2022-12-27,2327.52001953125,2321.47998046875,2335.989990234375,2332.7900390625,448300
2022-12-28,2296.449951171875,2276.89990234375,2296.449951171875,2280.449951171875,405700
2022-12-29,2265.72998046875,2236.3798828125,2272.669921875,2236.39990234375,361000
